tool,bug,subject,benchmark,runs_found,success_runs,failure_runs,unknown_status_runs,avg_duration_s,min_duration_s,max_duration_s,avg_mem_gib,max_mem_gib
acr_llama3,00863a28,flink,,1,1,0,0,,,,,
acr_llama3,0308423b,hadoop,,1,0,1,0,,,,,
acr_llama3,06437970,flink,,1,0,1,0,,,,,
acr_llama3,0b734cfe,solr,,1,1,0,0,,,,,
acr_llama3,0baf2fa3,solr,,1,0,1,0,,,,,
acr_llama3,102a9a2b,nifi,,1,1,0,0,,,,,
acr_llama3,10332535,nifi,,1,1,0,0,,,,,
acr_llama3,10636070,ambari,,1,1,0,0,,,,,
acr_llama3,12c43397,ambari,,1,1,0,0,,,,,
acr_llama3,1836e08f,flink,,1,1,0,0,,,,,
acr_llama3,190c253c,hbase,,1,0,1,0,,,,,
acr_llama3,1eba77a9,ambari,,1,0,1,0,,,,,
acr_llama3,21cb00ee,hbase,,1,0,1,0,,,,,
acr_llama3,2558c9ee,flink,,1,1,0,0,,,,,
acr_llama3,25dc4c9c,jackrabbit,,1,0,1,0,,,,,
acr_llama3,274616eb,ambari,,1,1,0,0,,,,,
acr_llama3,27a22897,ambari,,1,1,0,0,,,,,
acr_llama3,2b19054c,hadoop,,1,0,1,0,,,,,
acr_llama3,2fbe562d,flink,,1,0,1,0,,,,,
acr_llama3,31837a75,flink,,1,1,0,0,,,,,
acr_llama3,31ebccc9,hadoop,,1,0,1,0,,,,,
acr_llama3,3492313d,nifi,,1,0,1,0,,,,,
acr_llama3,3921ab82,nifi,,1,0,1,0,,,,,
acr_llama3,3a63c58d,solr,,1,1,0,0,,,,,
acr_llama3,3ca892dc,hadoop,,1,0,1,0,,,,,
acr_llama3,4104f2f9,ambari,,1,1,0,0,,,,,
acr_llama3,42d8dde0,flink,,1,0,1,0,,,,,
acr_llama3,4417b9d6,nifi,,1,1,0,0,,,,,
acr_llama3,49b4c0b3,hadoop,,1,0,1,0,,,,,
acr_llama3,4c66882a,hadoop,,1,1,0,0,,,,,
acr_llama3,513ec3de,hadoop,,1,0,1,0,,,,,
acr_llama3,570fc7f1,nifi,,1,0,1,0,,,,,
acr_llama3,57c16ec4,jackrabbit,,1,0,1,0,,,,,
acr_llama3,58dabba1,ambari,,1,1,0,0,,,,,
acr_llama3,5cc8e991,hadoop,,1,0,1,0,,,,,
acr_llama3,5d9563d9,kafka,,1,0,1,0,,,,,
acr_llama3,618e601b,calcite,,1,1,0,0,,,,,
acr_llama3,635ff2af,ambari,,1,1,0,0,,,,,
acr_llama3,65ddaed6,ambari,,1,1,0,0,,,,,
acr_llama3,6650922f,karaf,,1,1,0,0,,,,,
acr_llama3,6928cf3b,ambari,,1,1,0,0,,,,,
acr_llama3,69c83419,ambari,,1,1,0,0,,,,,
acr_llama3,6a906e63,ambari,,1,0,1,0,,,,,
acr_llama3,6b892a63,flink,,1,0,1,0,,,,,
acr_llama3,6d68694c,solr,,1,0,1,0,,,,,
acr_llama3,6ddb4dba,ambari,,1,1,0,0,,,,,
acr_llama3,6fae1889,ambari,,1,0,1,0,,,,,
acr_llama3,6fb52bbc,jackrabbit,,1,1,0,0,,,,,
acr_llama3,71959542,ambari,,1,0,1,0,,,,,
acr_llama3,724fb3d8,flink,,1,0,1,0,,,,,
acr_llama3,74c45c48,flink,,1,1,0,0,,,,,
acr_llama3,770cc144,hadoop,,1,0,1,0,,,,,
acr_llama3,79351129,solr,,1,1,0,0,,,,,
acr_llama3,79b12f6f,hadoop,,1,0,1,0,,,,,
acr_llama3,86824f03,jackrabbit,,1,1,0,0,,,,,
acr_llama3,8782442d,ambari,,1,1,0,0,,,,,
acr_llama3,890a2ebd,hadoop,,1,0,1,0,,,,,
acr_llama3,8e23fa28,ambari,,1,1,0,0,,,,,
acr_llama3,905c58ed,hadoop,,1,0,1,0,,,,,
acr_llama3,91a0c8c5,flink,,1,1,0,0,,,,,
acr_llama3,9491f1fd,ambari,,1,1,0,0,,,,,
acr_llama3,95b9adbe,flink,,1,1,0,0,,,,,
acr_llama3,970ddf8f,nifi,,1,1,0,0,,,,,
acr_llama3,98ea773a,kafka,,1,1,0,0,,,,,
acr_llama3,9948a0ac,ambari,,1,1,0,0,,,,,
acr_llama3,9ab0f64f,solr,,1,1,0,0,,,,,
acr_llama3,9c1f2dd0,hbase,,1,1,0,0,,,,,
acr_llama3,9c3be7e6,flink,,1,1,0,0,,,,,
acr_llama3,9cfdebc3,nifi,,1,0,1,0,,,,,
acr_llama3,a027a355,solr,,1,1,0,0,,,,,
acr_llama3,a4e0ff5e,hadoop,,1,0,1,0,,,,,
acr_llama3,a5807823,ambari,,1,1,0,0,,,,,
acr_llama3,a7998921,hadoop,,1,0,1,0,,,,,
acr_llama3,a8e7f745,hadoop,,1,0,1,0,,,,,
acr_llama3,a9a20f6b,ambari,,1,0,1,0,,,,,
acr_llama3,ad10cbd9,hadoop,,1,0,1,0,,,,,
acr_llama3,b1e05908,hadoop,,1,0,1,0,,,,,
acr_llama3,b2b597b0,solr,,1,1,0,0,,,,,
acr_llama3,b2fae8cb,ambari,,1,1,0,0,,,,,
acr_llama3,b3eb70c3,hbase,,1,0,1,0,,,,,
acr_llama3,b3f39163,calcite,,1,1,0,0,,,,,
acr_llama3,b4c8567e,hadoop,,1,0,1,0,,,,,
acr_llama3,b7075841,ambari,,1,1,0,0,,,,,
acr_llama3,bc159b5a,hadoop,,1,0,1,0,,,,,
acr_llama3,be846d83,kafka,,1,1,0,0,,,,,
acr_llama3,bff239c0,ambari,,1,0,1,0,,,,,
acr_llama3,c04c5ec5,hadoop,,1,0,1,0,,,,,
acr_llama3,c45b5497,ambari,,1,1,0,0,,,,,
acr_llama3,c530e009,ambari,,1,1,0,0,,,,,
acr_llama3,c82afddc,kafka,,1,1,0,0,,,,,
acr_llama3,d0fbd344,flink,,1,1,0,0,,,,,
acr_llama3,d4d7ab99,calcite,,1,1,0,0,,,,,
acr_llama3,d62a42df,kafka,,1,1,0,0,,,,,
acr_llama3,d720ebc2,hadoop,,1,0,1,0,,,,,
acr_llama3,d7e7b8df,ambari,,1,1,0,0,,,,,
acr_llama3,dba3fee7,ambari,,1,1,0,0,,,,,
acr_llama3,e06beb0d,hbase,,1,0,1,0,,,,,
acr_llama3,e3759a5e,flink,,1,1,0,0,,,,,
acr_llama3,e3d5fd61,ambari,,1,0,1,0,,,,,
acr_llama3,e7663a30,kafka,,1,1,0,0,,,,,
acr_llama3,e81d7254,nifi,,1,1,0,0,,,,,
acr_llama3,ecb87149,nifi,,1,1,0,0,,,,,
acr_llama3,f4e0f6ca,ambari,,1,1,0,0,,,,,
acr_llama3,f85ae68f,nifi,,1,1,0,0,,,,,
acr_llama3_70b,06437970,flink,,1,0,1,0,,,,,
acr_llama3_70b,0b734cfe,solr,,1,0,1,0,,,,,
acr_llama3_70b,0baf2fa3,solr,,1,0,1,0,,,,,
acr_llama3_70b,10332535,nifi,,1,0,1,0,,,,,
acr_llama3_70b,10636070,ambari,,1,0,1,0,,,,,
acr_llama3_70b,1836e08f,flink,,1,0,1,0,,,,,
acr_llama3_70b,190c253c,hbase,,1,0,1,0,,,,,
acr_llama3_70b,21cb00ee,hbase,,1,1,0,0,,,,,
acr_llama3_70b,2558c9ee,flink,,1,0,1,0,,,,,
acr_llama3_70b,274616eb,ambari,,1,0,1,0,,,,,
acr_llama3_70b,27a22897,ambari,,1,1,0,0,,,,,
acr_llama3_70b,2b19054c,hadoop,,1,0,1,0,,,,,
acr_llama3_70b,31ebccc9,hadoop,,1,1,0,0,,,,,
acr_llama3_70b,3921ab82,nifi,,1,0,1,0,,,,,
acr_llama3_70b,3a63c58d,solr,,1,0,1,0,,,,,
acr_llama3_70b,3ca892dc,hadoop,,1,0,1,0,,,,,
acr_llama3_70b,42d8dde0,flink,,1,0,1,0,,,,,
acr_llama3_70b,4417b9d6,nifi,,1,0,1,0,,,,,
acr_llama3_70b,4c66882a,hadoop,,1,0,1,0,,,,,
acr_llama3_70b,570fc7f1,nifi,,1,0,1,0,,,,,
acr_llama3_70b,57c16ec4,jackrabbit,,1,0,1,0,,,,,
acr_llama3_70b,58dabba1,ambari,,1,0,1,0,,,,,
acr_llama3_70b,5d9563d9,kafka,,1,1,0,0,,,,,
acr_llama3_70b,618e601b,calcite,,1,0,1,0,,,,,
acr_llama3_70b,635ff2af,ambari,,1,0,1,0,,,,,
acr_llama3_70b,65ddaed6,ambari,,1,0,1,0,,,,,
acr_llama3_70b,6650922f,karaf,,1,0,1,0,,,,,
acr_llama3_70b,6928cf3b,ambari,,1,0,1,0,,,,,
acr_llama3_70b,69c83419,ambari,,1,0,1,0,,,,,
acr_llama3_70b,6a906e63,ambari,,1,0,1,0,,,,,
acr_llama3_70b,6d68694c,solr,,1,0,1,0,,,,,
acr_llama3_70b,6ddb4dba,ambari,,1,0,1,0,,,,,
acr_llama3_70b,6fae1889,ambari,,1,0,1,0,,,,,
acr_llama3_70b,6fb52bbc,jackrabbit,,1,0,1,0,,,,,
acr_llama3_70b,71959542,ambari,,1,0,1,0,,,,,
acr_llama3_70b,724fb3d8,flink,,1,0,1,0,,,,,
acr_llama3_70b,74c45c48,flink,,1,0,1,0,,,,,
acr_llama3_70b,770cc144,hadoop,,1,0,1,0,,,,,
acr_llama3_70b,79351129,solr,,1,0,1,0,,,,,
acr_llama3_70b,79b12f6f,hadoop,,1,0,1,0,,,,,
acr_llama3_70b,86824f03,jackrabbit,,1,0,1,0,,,,,
acr_llama3_70b,8782442d,ambari,,1,0,1,0,,,,,
acr_llama3_70b,8e23fa28,ambari,,1,1,0,0,,,,,
acr_llama3_70b,9491f1fd,ambari,,1,1,0,0,,,,,
acr_llama3_70b,98ea773a,kafka,,1,0,1,0,,,,,
acr_llama3_70b,9948a0ac,ambari,,1,0,1,0,,,,,
acr_llama3_70b,9ab0f64f,solr,,1,0,1,0,,,,,
acr_llama3_70b,9c1f2dd0,hbase,,1,1,0,0,,,,,
acr_llama3_70b,a027a355,solr,,1,0,1,0,,,,,
acr_llama3_70b,a5807823,ambari,,1,1,0,0,,,,,
acr_llama3_70b,a7998921,hadoop,,1,0,1,0,,,,,
acr_llama3_70b,a9a20f6b,ambari,,1,0,1,0,,,,,
acr_llama3_70b,ad10cbd9,hadoop,,1,0,1,0,,,,,
acr_llama3_70b,b1e05908,hadoop,,1,0,1,0,,,,,
acr_llama3_70b,b2b597b0,solr,,1,0,1,0,,,,,
acr_llama3_70b,b2fae8cb,ambari,,1,0,1,0,,,,,
acr_llama3_70b,b3eb70c3,hbase,,1,0,1,0,,,,,
acr_llama3_70b,b3f39163,calcite,,1,0,1,0,,,,,
acr_llama3_70b,b7075841,ambari,,1,0,1,0,,,,,
acr_llama3_70b,bc159b5a,hadoop,,1,0,1,0,,,,,
acr_llama3_70b,be846d83,kafka,,1,0,1,0,,,,,
acr_llama3_70b,bff239c0,ambari,,1,0,1,0,,,,,
acr_llama3_70b,c45b5497,ambari,,1,1,0,0,,,,,
acr_llama3_70b,c530e009,ambari,,1,0,1,0,,,,,
acr_llama3_70b,c82afddc,kafka,,1,1,0,0,,,,,
acr_llama3_70b,d0fbd344,flink,,1,0,1,0,,,,,
acr_llama3_70b,d4d7ab99,calcite,,1,0,1,0,,,,,
acr_llama3_70b,d62a42df,kafka,,1,0,1,0,,,,,
acr_llama3_70b,d720ebc2,hadoop,,1,0,1,0,,,,,
acr_llama3_70b,d7e7b8df,ambari,,1,0,1,0,,,,,
acr_llama3_70b,dba3fee7,ambari,,1,1,0,0,,,,,
acr_llama3_70b,e06beb0d,hbase,,1,0,1,0,,,,,
acr_llama3_70b,e3759a5e,flink,,1,0,1,0,,,,,
acr_llama3_70b,e3d5fd61,ambari,,1,0,1,0,,,,,
acr_llama3_70b,e7663a30,kafka,,1,0,1,0,,,,,
acr_llama3_70b,e81d7254,nifi,,1,0,1,0,,,,,
acr_llama3_70b,ecb87149,nifi,,1,0,1,0,,,,,
acr_llama3_70b,f4e0f6ca,ambari,,1,0,1,0,,,,,
acr_llama3_70b,f85ae68f,nifi,,1,0,1,0,,,,,
arja,0308423b,hadoop,bugsdotjar,3,0,3,0,15.333333333333334,7.0,26.0,0.037,0.057
arja,06437970,flink,bugsdotjar,3,0,3,0,482.3333333333333,341.0,684.0,0.40066666666666667,0.519
arja,0baf2fa3,solr,bugsdotjar,3,0,3,0,3.0,2.0,4.0,0.003,0.006
arja,10332535,nifi,bugsdotjar,3,0,0,3,4520.666666666667,3724.0,6113.0,0.001,0.001
arja,10636070,ambari,bugsdotjar,3,0,3,0,115.66666666666667,102.0,128.0,0.5903333333333334,0.691
arja,1836e08f,flink,bugsdotjar,3,0,0,3,3807.3333333333335,3704.0,3868.0,0.001,0.001
arja,190c253c,hbase,bugsdotjar,3,0,0,3,3815.6666666666665,3761.0,3878.0,0.001,0.001
arja,1ce4d6b3,solr,bugsdotjar,3,0,3,0,86.0,67.0,115.0,0.5343333333333333,0.755
arja,1eba77a9,ambari,bugsdotjar,3,0,3,0,172.66666666666666,116.0,219.0,0.5743333333333334,0.668
arja,21cb00ee,hbase,bugsdotjar,3,0,0,3,4109.333333333333,4029.0,4201.0,0.001,0.001
arja,2558c9ee,flink,bugsdotjar,3,0,0,3,3735.0,3695.0,3795.0,0.001,0.001
arja,27a22897,ambari,bugsdotjar,3,0,3,0,231.66666666666666,135.0,297.0,0.65,0.687
arja,2b19054c,hadoop,bugsdotjar,3,0,3,0,12.333333333333334,11.0,14.0,0.034666666666666665,0.054
arja,2fbe562d,flink,bugsdotjar,3,0,3,0,21.333333333333332,17.0,28.0,0.14,0.209
arja,31837a75,flink,bugsdotjar,3,0,0,3,3761.0,3683.0,3849.0,0.001,0.001
arja,31ebccc9,hadoop,bugsdotjar,3,0,3,0,40.333333333333336,17.0,70.0,0.324,0.455
arja,3492313d,nifi,bugsdotjar,2,0,0,2,12706.5,12518.0,12895.0,0.001,0.001
arja,3a63c58d,solr,bugsdotjar,3,0,3,0,4.0,4.0,4.0,0.013333333333333334,0.034
arja,42d8dde0,flink,bugsdotjar,3,0,0,3,3722.0,3706.0,3739.0,0.001,0.001
arja,4417b9d6,nifi,bugsdotjar,3,0,0,3,4500.0,3703.0,6070.0,0.001,0.001
arja,49b4c0b3,hadoop,bugsdotjar,3,0,3,0,45.666666666666664,24.0,57.0,0.31933333333333336,0.445
arja,4b97eb77,ambari,bugsdotjar,3,0,3,0,107.33333333333333,95.0,117.0,0.6843333333333333,0.786
arja,513ec3de,hadoop,bugsdotjar,3,0,3,0,12.333333333333334,9.0,15.0,0.042,0.063
arja,561fddd8,solr,bugsdotjar,3,0,3,0,2.0,1.0,3.0,0.001,0.001
arja,570fc7f1,nifi,bugsdotjar,3,0,0,3,14147.0,13417.0,15578.0,0.001,0.001
arja,57c16ec4,jackrabbit,bugsdotjar,2,0,0,2,12457.0,12298.0,12616.0,0.001,0.001
arja,58dabba1,ambari,bugsdotjar,3,0,0,3,3732.0,3672.0,3767.0,0.001,0.001
arja,630299fb,ambari,bugsdotjar,3,0,3,0,108.66666666666667,87.0,138.0,0.597,0.703
arja,6650922f,karaf,bugsdotjar,3,0,0,3,3626.3333333333335,3624.0,3631.0,0.001,0.001
arja,69c83419,ambari,bugsdotjar,3,0,3,0,89.0,68.0,110.0,0.6386666666666667,0.745
arja,6b892a63,flink,bugsdotjar,2,0,0,2,12191.0,11861.0,12521.0,0.001,0.001
arja,6d68694c,solr,bugsdotjar,3,0,3,0,1.6666666666666667,1.0,2.0,0.0023333333333333335,0.005
arja,6fae1889,ambari,bugsdotjar,3,0,3,0,114.0,44.0,157.0,0.319,0.405
arja,6fb52bbc,jackrabbit,bugsdotjar,1,0,1,0,24.0,24.0,24.0,0.017,0.017
arja,770cc144,hadoop,bugsdotjar,3,0,3,0,25.333333333333332,19.0,33.0,0.193,0.245
arja,79351129,solr,bugsdotjar,3,0,3,0,3.3333333333333335,3.0,4.0,0.001,0.001
arja,79b12f6f,hadoop,bugsdotjar,3,0,3,0,12.666666666666666,10.0,16.0,0.034333333333333334,0.053
arja,86824f03,jackrabbit,bugsdotjar,3,0,0,3,3689.3333333333335,3683.0,3693.0,0.001,0.001
arja,8782442d,ambari,bugsdotjar,3,0,0,3,3748.6666666666665,3718.0,3764.0,0.001,0.001
arja,890a2ebd,hadoop,bugsdotjar,3,0,3,0,12.666666666666666,8.0,20.0,0.04133333333333333,0.062
arja,905c58ed,hadoop,bugsdotjar,3,0,3,0,22.666666666666668,13.0,32.0,0.15166666666666667,0.198
arja,91a0c8c5,flink,bugsdotjar,3,0,0,3,3776.3333333333335,3723.0,3879.0,0.001,0.001
arja,93ebd8d5,solr,bugsdotjar,3,0,3,0,1.3333333333333333,1.0,2.0,0.001,0.001
arja,98ea773a,kafka,bugsdotjar,3,0,3,0,53.0,42.0,71.0,0.17766666666666667,0.239
arja,9c1f2dd0,hbase,bugsdotjar,3,0,0,3,3888.3333333333335,3832.0,3936.0,0.001,0.001
arja,9c3be7e6,flink,bugsdotjar,3,0,3,0,2918.3333333333335,2205.0,3477.0,1.158,1.402
arja,a027a355,solr,bugsdotjar,3,0,3,0,1.6666666666666667,1.0,2.0,0.001,0.001
arja,a4e0ff5e,hadoop,bugsdotjar,3,0,3,0,18.666666666666668,17.0,21.0,0.125,0.165
arja,a5807823,ambari,bugsdotjar,3,0,3,0,104.0,63.0,128.0,0.545,0.64
arja,a7998921,hadoop,bugsdotjar,3,0,3,0,20.0,15.0,26.0,0.05466666666666667,0.084
arja,a8e7f745,hadoop,bugsdotjar,3,0,3,0,16.0,10.0,27.0,0.12133333333333335,0.168
arja,ad10cbd9,hadoop,bugsdotjar,3,0,3,0,55.666666666666664,52.0,59.0,0.362,0.526
arja,b1e05908,hadoop,bugsdotjar,3,0,3,0,9.333333333333334,7.0,11.0,0.04,0.059
arja,b2fae8cb,ambari,bugsdotjar,3,0,0,3,3692.6666666666665,3681.0,3703.0,0.001,0.001
arja,b4c8567e,hadoop,bugsdotjar,3,0,3,0,9.0,6.0,11.0,0.09066666666666667,0.125
arja,be846d83,kafka,bugsdotjar,3,0,3,0,0.6666666666666666,0.0,1.0,0.0016666666666666668,0.002
arja,d01c4d6a,solr,bugsdotjar,3,0,3,0,2.6666666666666665,2.0,3.0,0.0033333333333333335,0.004
arja,d0fbd344,flink,bugsdotjar,3,0,0,3,3801.3333333333335,3735.0,3909.0,0.001,0.001
arja,d4d7ab99,calcite,bugsdotjar,3,0,0,3,3614.0,3611.0,3617.0,0.001,0.001
arja,d720ebc2,hadoop,bugsdotjar,3,0,3,0,26.333333333333332,14.0,43.0,0.05533333333333333,0.084
arja,dba3fee7,ambari,bugsdotjar,3,0,0,3,3757.3333333333335,3705.0,3788.0,0.001,0.001
arja,e3759a5e,flink,bugsdotjar,3,0,0,3,3722.3333333333335,3697.0,3736.0,0.001,0.001
arja,e3d5fd61,ambari,bugsdotjar,3,0,3,0,116.0,97.0,147.0,0.7066666666666667,0.828
arja,e7663a30,kafka,bugsdotjar,3,0,3,0,27.0,18.0,42.0,0.07333333333333333,0.103
arja,f4e0f6ca,ambari,bugsdotjar,3,0,0,3,3726.0,3693.0,3748.0,0.001,0.001
cardumen,0308423b,hadoop,bugsdotjar,3,0,3,0,0.6666666666666666,0.0,1.0,0.029666666666666664,0.059
cardumen,06437970,flink,bugsdotjar,3,3,0,0,3073.3333333333335,2791.0,3251.0,1.9916666666666667,2.107
cardumen,0baf2fa3,solr,bugsdotjar,3,0,3,0,1.0,1.0,1.0,0.012,0.034
cardumen,10332535,nifi,bugsdotjar,3,0,3,0,1.0,1.0,1.0,0.135,0.186
cardumen,10636070,ambari,bugsdotjar,3,0,3,0,155.33333333333334,68.0,201.0,0.7863333333333333,0.922
cardumen,1836e08f,flink,bugsdotjar,3,0,0,3,3786.6666666666665,3723.0,3836.0,0.001,0.001
cardumen,190c253c,hbase,bugsdotjar,3,3,0,0,260.0,214.0,314.0,0.43133333333333335,0.54
cardumen,1ce4d6b3,solr,bugsdotjar,3,0,3,0,1.0,0.0,2.0,0.5553333333333333,0.825
cardumen,1eba77a9,ambari,bugsdotjar,1,0,0,1,3601.0,3601.0,3601.0,0.001,0.001
cardumen,21cb00ee,hbase,bugsdotjar,3,0,3,0,728.0,527.0,879.0,0.35866666666666663,0.475
cardumen,2558c9ee,flink,bugsdotjar,3,0,0,3,3601.6666666666665,3601.0,3602.0,0.001,0.001
cardumen,27a22897,ambari,bugsdotjar,3,0,3,0,114.33333333333333,79.0,155.0,0.782,0.903
cardumen,2b19054c,hadoop,bugsdotjar,3,0,3,0,1.0,1.0,1.0,0.027,0.054
cardumen,2fbe562d,flink,bugsdotjar,3,0,3,0,0.6666666666666666,0.0,1.0,0.16899999999999998,0.222
cardumen,31837a75,flink,bugsdotjar,4,4,0,0,926.0,855.0,990.0,0.47700000000000004,0.555
cardumen,31ebccc9,hadoop,bugsdotjar,3,0,3,0,0.3333333333333333,0.0,1.0,0.299,0.477
cardumen,3492313d,nifi,bugsdotjar,3,0,3,0,46.666666666666664,35.0,54.0,0.2613333333333333,0.368
cardumen,3a63c58d,solr,bugsdotjar,3,0,3,0,0.6666666666666666,0.0,1.0,0.001,0.001
cardumen,42d8dde0,flink,bugsdotjar,3,0,0,3,3941.0,3840.0,4103.0,0.001,0.001
cardumen,4417b9d6,nifi,bugsdotjar,3,3,0,0,60.0,44.0,87.0,0.20033333333333334,0.271
cardumen,49b4c0b3,hadoop,bugsdotjar,3,0,3,0,1.0,1.0,1.0,0.30733333333333335,0.475
cardumen,4b97eb77,ambari,bugsdotjar,3,0,3,0,98.66666666666667,66.0,118.0,0.8693333333333333,1.006
cardumen,513ec3de,hadoop,bugsdotjar,3,0,3,0,1.0,1.0,1.0,0.033,0.065
cardumen,561fddd8,solr,bugsdotjar,3,0,3,0,0.6666666666666666,0.0,1.0,0.001,0.001
cardumen,570fc7f1,nifi,bugsdotjar,3,0,3,0,4.333333333333333,3.0,6.0,0.19766666666666666,0.3
cardumen,57c16ec4,jackrabbit,bugsdotjar,3,3,0,0,49.666666666666664,26.0,64.0,0.10033333333333333,0.129
cardumen,58dabba1,ambari,bugsdotjar,3,0,0,3,3800.6666666666665,3790.0,3821.0,0.001,0.001
cardumen,630299fb,ambari,bugsdotjar,3,0,3,0,153.0,86.0,199.0,0.783,0.919
cardumen,6650922f,karaf,bugsdotjar,2,0,0,2,3716.0,3704.0,3728.0,0.001,0.001
cardumen,69c83419,ambari,bugsdotjar,3,0,0,3,3602.0,3602.0,3602.0,0.001,0.001
cardumen,6b892a63,flink,bugsdotjar,3,3,0,0,31.666666666666668,30.0,35.0,0.5566666666666666,0.68
cardumen,6d68694c,solr,bugsdotjar,3,0,3,0,0.3333333333333333,0.0,1.0,0.001,0.001
cardumen,6fae1889,ambari,bugsdotjar,3,0,3,0,10.333333333333334,8.0,15.0,0.4673333333333334,0.557
cardumen,770cc144,hadoop,bugsdotjar,3,0,3,0,1.0,1.0,1.0,0.187,0.252
cardumen,79351129,solr,bugsdotjar,3,0,3,0,0.3333333333333333,0.0,1.0,0.001,0.001
cardumen,79b12f6f,hadoop,bugsdotjar,3,0,3,0,1.0,1.0,1.0,0.027666666666666666,0.054
cardumen,86824f03,jackrabbit,bugsdotjar,3,0,0,3,3814.3333333333335,3771.0,3841.0,0.001,0.001
cardumen,8782442d,ambari,bugsdotjar,3,3,0,0,1422.6666666666667,1289.0,1526.0,0.4033333333333333,0.501
cardumen,890a2ebd,hadoop,bugsdotjar,3,0,3,0,0.3333333333333333,0.0,1.0,0.033,0.062
cardumen,905c58ed,hadoop,bugsdotjar,3,0,3,0,1.0,1.0,1.0,0.14666666666666667,0.205
cardumen,91a0c8c5,flink,bugsdotjar,3,0,3,0,28.333333333333332,20.0,34.0,0.6559999999999999,0.848
cardumen,93ebd8d5,solr,bugsdotjar,3,0,3,0,1.0,1.0,1.0,0.001,0.001
cardumen,98ea773a,kafka,bugsdotjar,3,0,0,3,3601.0,3601.0,3601.0,0.001,0.001
cardumen,9c1f2dd0,hbase,bugsdotjar,3,0,3,0,590.3333333333334,501.0,742.0,0.6396666666666666,0.743
cardumen,9c3be7e6,flink,bugsdotjar,3,3,0,0,189.33333333333334,173.0,204.0,1.183,1.496
cardumen,a027a355,solr,bugsdotjar,3,0,3,0,0.6666666666666666,0.0,1.0,0.001,0.001
cardumen,a4e0ff5e,hadoop,bugsdotjar,3,0,3,0,1.3333333333333333,1.0,2.0,0.11533333333333334,0.17
cardumen,a5807823,ambari,bugsdotjar,1,0,0,1,3601.0,3601.0,3601.0,0.001,0.001
cardumen,a7998921,hadoop,bugsdotjar,3,0,3,0,0.6666666666666666,0.0,1.0,0.045,0.085
cardumen,a8e7f745,hadoop,bugsdotjar,3,0,3,0,0.6666666666666666,0.0,1.0,0.11733333333333335,0.168
cardumen,ad10cbd9,hadoop,bugsdotjar,3,0,3,0,0.6666666666666666,0.0,1.0,0.36,0.563
cardumen,b1e05908,hadoop,bugsdotjar,3,0,3,0,1.3333333333333333,1.0,2.0,0.03333333333333333,0.064
cardumen,b2fae8cb,ambari,bugsdotjar,3,3,0,0,1067.6666666666667,636.0,1296.0,0.32666666666666666,0.381
cardumen,b4c8567e,hadoop,bugsdotjar,3,0,3,0,0.6666666666666666,0.0,1.0,0.087,0.126
cardumen,be846d83,kafka,bugsdotjar,3,0,3,0,0.3333333333333333,0.0,1.0,0.008,0.019
cardumen,d01c4d6a,solr,bugsdotjar,3,0,3,0,1.0,1.0,1.0,0.001,0.001
cardumen,d0fbd344,flink,bugsdotjar,3,3,0,0,32.0,29.0,36.0,0.9736666666666667,1.194
cardumen,d4d7ab99,calcite,bugsdotjar,3,3,0,0,11.666666666666666,7.0,15.0,0.09066666666666667,0.128
cardumen,d720ebc2,hadoop,bugsdotjar,3,0,3,0,0.6666666666666666,0.0,1.0,0.04733333333333333,0.086
cardumen,dba3fee7,ambari,bugsdotjar,3,0,0,3,3647.3333333333335,3634.0,3664.0,0.001,0.001
cardumen,e3759a5e,flink,bugsdotjar,3,3,0,0,14.666666666666666,13.0,18.0,0.45866666666666667,0.549
cardumen,e3d5fd61,ambari,bugsdotjar,3,0,3,0,119.0,84.0,153.0,0.8606666666666667,0.998
cardumen,e7663a30,kafka,bugsdotjar,2,0,2,0,0.5,0.0,1.0,0.088,0.104
cardumen,f4e0f6ca,ambari,bugsdotjar,3,0,3,0,18.666666666666668,17.0,21.0,0.43033333333333335,0.514
repairllama,0308423b,hadoop,bugsdotjar,3,3,0,0,4.0,4.0,4.0,0.016666666666666666,0.036
repairllama,06437970,flink,bugsdotjar,3,0,3,0,7.0,7.0,7.0,0.18866666666666668,0.296
repairllama,0baf2fa3,solr,bugsdotjar,3,3,0,0,4.0,4.0,4.0,0.03733333333333333,0.102
repairllama,10332535,nifi,bugsdotjar,3,3,0,0,4.0,4.0,4.0,0.019,0.047
repairllama,10636070,ambari,bugsdotjar,3,0,3,0,1007.0,1007.0,1007.0,0.37,0.467
repairllama,1836e08f,flink,bugsdotjar,3,3,0,0,394.0,394.0,394.0,11.286,12.978
repairllama,190c253c,hbase,bugsdotjar,3,3,0,0,705.0,705.0,705.0,12.959333333333333,13.139
repairllama,1ce4d6b3,solr,bugsdotjar,3,3,0,0,3.0,3.0,3.0,0.012666666666666666,0.028
repairllama,1eba77a9,ambari,bugsdotjar,5,0,5,0,5.4,5.0,6.0,0.1672,0.207
repairllama,21cb00ee,hbase,bugsdotjar,3,0,3,0,7.0,7.0,7.0,0.26066666666666666,0.359
repairllama,2558c9ee,flink,bugsdotjar,3,3,0,0,588.0,588.0,588.0,10.559666666666667,12.023
repairllama,27a22897,ambari,bugsdotjar,3,0,3,0,1006.0,1006.0,1006.0,0.32366666666666666,0.353
repairllama,2b19054c,hadoop,bugsdotjar,3,3,0,0,3.0,3.0,3.0,0.036333333333333336,0.054
repairllama,2fbe562d,flink,bugsdotjar,3,3,0,0,684.0,684.0,684.0,12.235,12.273
repairllama,31837a75,flink,bugsdotjar,3,3,0,0,436.0,436.0,436.0,12.375666666666667,12.983
repairllama,31ebccc9,hadoop,bugsdotjar,3,3,0,0,35.0,35.0,35.0,0.13233333333333333,0.232
repairllama,3492313d,nifi,bugsdotjar,3,3,0,0,7.0,7.0,7.0,0.08533333333333334,0.116
repairllama,3a63c58d,solr,bugsdotjar,3,3,0,0,5.0,5.0,5.0,0.06066666666666667,0.169
repairllama,42d8dde0,flink,bugsdotjar,3,3,0,0,659.0,659.0,659.0,9.720333333333333,9.816
repairllama,4417b9d6,nifi,bugsdotjar,3,0,3,0,41.0,41.0,41.0,0.072,0.093
repairllama,49b4c0b3,hadoop,bugsdotjar,3,3,0,0,116.0,116.0,116.0,11.201333333333332,12.261
repairllama,4b97eb77,ambari,bugsdotjar,3,0,3,0,1006.0,1006.0,1006.0,0.3363333333333333,0.362
repairllama,513ec3de,hadoop,bugsdotjar,3,3,0,0,3.0,3.0,3.0,0.009,0.009
repairllama,561fddd8,solr,bugsdotjar,3,3,0,0,4.0,4.0,4.0,0.015333333333333332,0.036
repairllama,570fc7f1,nifi,bugsdotjar,3,3,0,0,4.0,4.0,4.0,0.06233333333333333,0.089
repairllama,57c16ec4,jackrabbit,bugsdotjar,3,3,0,0,6.0,6.0,6.0,0.014666666666666666,0.015
repairllama,58dabba1,ambari,bugsdotjar,3,0,3,0,1003.0,1003.0,1003.0,0.06433333333333334,0.07
repairllama,618e601b,calcite,bugsdotjar,3,0,3,0,0.0,0.0,0.0,0.001,0.001
repairllama,630299fb,ambari,bugsdotjar,3,0,3,0,1006.0,1006.0,1006.0,0.345,0.363
repairllama,6650922f,karaf,bugsdotjar,3,0,3,0,9.0,9.0,9.0,0.014333333333333333,0.019
repairllama,69c83419,ambari,bugsdotjar,3,0,3,0,7.0,7.0,7.0,0.24066666666666667,0.318
repairllama,6b892a63,flink,bugsdotjar,3,3,0,0,363.0,363.0,363.0,12.376666666666667,13.2
repairllama,6d68694c,solr,bugsdotjar,3,3,0,0,3.0,3.0,3.0,0.015333333333333332,0.036
repairllama,6fae1889,ambari,bugsdotjar,3,0,0,3,3606.0,3606.0,3606.0,0.001,0.001
repairllama,770cc144,hadoop,bugsdotjar,3,0,3,0,1005.0,1005.0,1005.0,0.14833333333333334,0.196
repairllama,79351129,solr,bugsdotjar,3,3,0,0,3.0,3.0,3.0,0.015333333333333332,0.036
repairllama,79b12f6f,hadoop,bugsdotjar,3,3,0,0,4.0,4.0,4.0,0.042666666666666665,0.051
repairllama,86824f03,jackrabbit,bugsdotjar,3,0,3,0,690.0,690.0,690.0,0.2643333333333333,0.302
repairllama,8782442d,ambari,bugsdotjar,3,0,3,0,1004.0,1004.0,1004.0,0.07266666666666667,0.077
repairllama,890a2ebd,hadoop,bugsdotjar,3,3,0,0,3.0,3.0,3.0,0.008,0.008
repairllama,905c58ed,hadoop,bugsdotjar,3,0,3,0,1005.0,1005.0,1005.0,0.102,0.159
repairllama,91a0c8c5,flink,bugsdotjar,3,0,3,0,7.0,7.0,7.0,0.28833333333333333,0.405
repairllama,93ebd8d5,solr,bugsdotjar,3,3,0,0,4.0,4.0,4.0,0.018,0.044
repairllama,98ea773a,kafka,bugsdotjar,3,0,3,0,0.0,0.0,0.0,0.001,0.001
repairllama,9c1f2dd0,hbase,bugsdotjar,3,0,3,0,7.0,7.0,7.0,0.244,0.349
repairllama,9c3be7e6,flink,bugsdotjar,3,0,3,0,45.0,45.0,45.0,0.26366666666666666,0.365
repairllama,a027a355,solr,bugsdotjar,3,3,0,0,3.0,3.0,3.0,0.015000000000000001,0.035
repairllama,a4e0ff5e,hadoop,bugsdotjar,3,0,3,0,6.0,6.0,6.0,0.08633333333333333,0.151
repairllama,a5807823,ambari,bugsdotjar,3,0,3,0,6.0,6.0,6.0,0.184,0.197
repairllama,a7998921,hadoop,bugsdotjar,3,3,0,0,4.0,4.0,4.0,0.020999999999999998,0.051
repairllama,a8e7f745,hadoop,bugsdotjar,3,3,0,0,4.0,4.0,4.0,0.07400000000000001,0.085
repairllama,ad10cbd9,hadoop,bugsdotjar,3,0,3,0,1006.0,1006.0,1006.0,0.19133333333333333,0.197
repairllama,b1e05908,hadoop,bugsdotjar,3,3,0,0,3.0,3.0,3.0,0.036,0.056
repairllama,b2fae8cb,ambari,bugsdotjar,3,0,3,0,1003.0,1003.0,1003.0,0.07100000000000001,0.075
repairllama,b4c8567e,hadoop,bugsdotjar,3,3,0,0,3.0,3.0,3.0,0.05533333333333334,0.069
repairllama,be846d83,kafka,bugsdotjar,3,0,3,0,0.0,0.0,0.0,0.001,0.001
repairllama,d01c4d6a,solr,bugsdotjar,3,3,0,0,4.0,4.0,4.0,0.037000000000000005,0.099
repairllama,d0fbd344,flink,bugsdotjar,3,3,0,0,287.0,287.0,287.0,12.182666666666666,12.323
repairllama,d4d7ab99,calcite,bugsdotjar,3,3,0,0,373.0,373.0,373.0,11.786666666666667,11.964
repairllama,d62a42df,kafka,bugsdotjar,3,0,3,0,0.0,0.0,0.0,0.001,0.001
repairllama,d720ebc2,hadoop,bugsdotjar,3,3,0,0,4.0,4.0,4.0,0.016,0.036
repairllama,dba3fee7,ambari,bugsdotjar,3,0,3,0,1004.0,1004.0,1004.0,0.076,0.097
repairllama,e3759a5e,flink,bugsdotjar,3,3,0,0,414.0,414.0,414.0,13.075,13.207
repairllama,e3d5fd61,ambari,bugsdotjar,3,0,3,0,1006.0,1006.0,1006.0,0.3283333333333333,0.349
repairllama,e7663a30,kafka,bugsdotjar,3,0,3,0,0.0,0.0,0.0,0.001,0.001
repairllama,f4e0f6ca,ambari,bugsdotjar,3,0,3,0,1004.0,1004.0,1004.0,0.15066666666666667,0.166
