tool_label,benchmark,project,bug_id,TP,CP,runs_found,runs_expected,missing_runs,successes,success_rate,duration_mean,duration_min,duration_max,mem_mean_gib,mem_max_gib,rx_bytes_total,tx_bytes_total,statuses,generated_mean,generated_sum,plausible_mean,plausible_sum,implausible_mean,implausible_sum,non_compilable_mean,non_compilable_sum,enumerations_mean,enumerations_sum,search_space_mean,search_space_sum
arja,bugsdotjar,ambari,10636070,TP1,CP1,3,3,1,2,0,0.0,115.66666666666667,102.0,128.0,0.5903333333333334,0.691,19598984,4906315,0:Tool returned non-zero status;0:Tool returned non-zero status;0:Tool returned non-zero status,0,0,0,0,,,,,0,0,,
arja,bugsdotjar,ambari,1eba77a9,TP1,CP1,3,3,1,2,0,0.0,172.66666666666666,116.0,219.0,0.5743333333333334,0.668,21602324,4709912,0:Tool returned non-zero status;0:Tool returned non-zero status;0:Tool returned non-zero status,0,0,0,0,,,,,0,0,,
arja,bugsdotjar,ambari,27a22897,TP1,CP1,3,3,1,2,0,0.0,231.66666666666666,135.0,297.0,0.65,0.687,19597463,4926112,0:Tool returned non-zero status;0:Tool returned non-zero status;0:Tool returned non-zero status,0,0,0,0,,,,,0,0,,
arja,bugsdotjar,ambari,4b97eb77,TP1,CP1,3,3,1,2,0,0.0,107.33333333333333,95.0,117.0,0.6843333333333333,0.786,403284,138864,0:Tool returned non-zero status;0:Tool returned non-zero status;0:Tool returned non-zero status,0,0,0,0,,,,,0,0,,
arja,bugsdotjar,ambari,58dabba1,TP1,CP1,3,3,1,2,0,0.0,3732.0,3672.0,3767.0,0.001,0.001,798,252,0:Job Timeout;0:Job Timeout;0:Job Timeout,0,0,0,0,185,555,,,184,552,,
arja,bugsdotjar,ambari,630299fb,TP1,CP1,3,3,1,2,0,0.0,108.66666666666667,87.0,138.0,0.597,0.703,19714847,4932980,0:Tool returned non-zero status;0:Tool returned non-zero status;0:Tool returned non-zero status,0,0,0,0,,,,,0,0,,
arja,bugsdotjar,ambari,69c83419,TP1,CP1,3,3,1,2,0,0.0,89.0,68.0,110.0,0.6386666666666667,0.745,20721086,5183866,0:Tool returned non-zero status;0:Tool returned non-zero status;0:Tool returned non-zero status,0,0,0,0,,,,,0,0,,
arja,bugsdotjar,ambari,6fae1889,TP1,CP1,3,3,1,2,0,0.0,114.0,44.0,157.0,0.319,0.405,4297807,863571,0:Tool returned non-zero status;0:Tool returned non-zero status;0:Tool returned non-zero status,0,0,0,0,,,,,0,0,,
arja,bugsdotjar,ambari,8782442d,TP1,CP1,3,3,1,2,0,0.0,3748.6666666666665,3718.0,3764.0,0.001,0.001,1298,252,0:Job Timeout;0:Job Timeout;0:Job Timeout,0,0,0,0,121,363,,,120,360,,
arja,bugsdotjar,ambari,a5807823,TP1,CP1,3,3,1,2,0,0.0,104.0,63.0,128.0,0.545,0.64,23739034,5200936,0:Tool returned non-zero status;0:Tool returned non-zero status;0:Tool returned non-zero status,0,0,0,0,,,,,0,0,,
arja,bugsdotjar,ambari,b2fae8cb,TP1,CP1,3,3,1,2,0,0.0,3692.6666666666665,3681.0,3703.0,0.001,0.001,798,252,0:Job Timeout;0:Job Timeout;0:Job Timeout,0,0,0,0,52.666666666666664,158,,,51.666666666666664,155,,
arja,bugsdotjar,ambari,dba3fee7,TP1,CP1,3,3,1,2,0,0.0,3757.3333333333335,3705.0,3788.0,0.001,0.001,798,252,0:Job Timeout;0:Job Timeout;0:Job Timeout,0,0,0,0,291,873,,,290,870,,
arja,bugsdotjar,ambari,e3d5fd61,TP1,CP1,3,3,1,2,0,0.0,116.0,97.0,147.0,0.7066666666666667,0.828,391609,138836,0:Tool returned non-zero status;0:Tool returned non-zero status;0:Tool returned non-zero status,0,0,0,0,,,,,0,0,,
arja,bugsdotjar,ambari,f4e0f6ca,TP1,CP1,3,3,1,2,0,0.0,3726.0,3693.0,3748.0,0.001,0.001,798,252,0:Job Timeout;0:Job Timeout;0:Job Timeout,0,0,0,0,26.333333333333332,79,,,25.333333333333332,76,,
arja,bugsdotjar,calcite,d4d7ab99,TP1,CP1,3,3,1,2,0,0.0,3614.0,3611.0,3617.0,0.001,0.001,798,252,0:Job Timeout;0:Job Timeout;0:Job Timeout,0,0,0,0,2774.3333333333335,8323,,,2773.3333333333335,8320,,
arja,bugsdotjar,flink,06437970,TP1,CP1,3,3,1,2,0,0.0,482.3333333333333,341.0,684.0,0.40066666666666667,0.519,162046,48954,0:Tool returned non-zero status;0:Tool returned non-zero status;0:Tool returned non-zero status,0,0,0,0,,,,,0,0,,
arja,bugsdotjar,flink,1836e08f,TP1,CP1,3,3,1,2,0,0.0,3807.3333333333335,3704.0,3868.0,0.001,0.001,798,252,0:Job Timeout;0:Job Timeout;0:Job Timeout,0,0,0,0,1213.3333333333333,3640,,,1212.3333333333333,3637,,
arja,bugsdotjar,flink,2558c9ee,TP1,CP1,3,3,1,2,0,0.0,3735.0,3695.0,3795.0,0.001,0.001,798,252,0:Job Timeout;0:Job Timeout;0:Job Timeout,0,0,0,0,,,,,0,0,,
arja,bugsdotjar,flink,2fbe562d,TP1,CP1,3,3,1,2,0,0.0,21.333333333333332,17.0,28.0,0.14,0.209,161583,49641,0:Tool returned non-zero status;0:Tool returned non-zero status;0:Tool returned non-zero status,0,0,0,0,,,,,0,0,,
arja,bugsdotjar,flink,31837a75,TP1,CP1,3,3,1,2,0,0.0,3761.0,3683.0,3849.0,0.001,0.001,798,252,0:Job Timeout;0:Job Timeout;0:Job Timeout,0,0,0,0,1406.6666666666667,4220,,,1405.6666666666667,4217,,
arja,bugsdotjar,flink,42d8dde0,TP1,CP1,3,3,1,2,0,0.0,3722.0,3706.0,3739.0,0.001,0.001,1048,252,0:Job Timeout;0:Job Timeout;0:Job Timeout,0,0,0,0,725,2175,,,724,2172,,
arja,bugsdotjar,flink,6b892a63,TP1,CP1,2,3,1,2,0,0.0,12191.0,11861.0,12521.0,0.001,0.001,2518,252,0:Job Timeout;0:Job Timeout,0,0,0,0,,,,,0,0,,
arja,bugsdotjar,flink,91a0c8c5,TP1,CP1,3,3,1,2,0,0.0,3776.3333333333335,3723.0,3879.0,0.001,0.001,798,252,0:Job Timeout;0:Job Timeout;0:Job Timeout,0,0,0,0,,,,,0,0,,
arja,bugsdotjar,flink,9c3be7e6,TP1,CP1,3,3,1,2,0,0.0,2918.3333333333335,2205.0,3477.0,1.158,1.402,28759531,685248,0:Tool returned non-zero status;0:Tool returned non-zero status;0:Tool returned non-zero status,0,0,0,0,,,,,0,0,,
arja,bugsdotjar,flink,d0fbd344,TP1,CP1,3,3,1,2,0,0.0,3801.3333333333335,3735.0,3909.0,0.001,0.001,798,252,0:Job Timeout;0:Job Timeout;0:Job Timeout,0,0,0,0,30.666666666666668,92,,,29.666666666666668,89,,
arja,bugsdotjar,flink,e3759a5e,TP1,CP1,3,3,1,2,0,0.0,3722.3333333333335,3697.0,3736.0,0.001,0.001,798,252,0:Job Timeout;0:Job Timeout;0:Job Timeout,0,0,0,0,3364,10092,,,3363,10089,,
arja,bugsdotjar,hadoop,0308423b,TP1,CP1,3,3,1,2,0,0.0,15.333333333333334,7.0,26.0,0.037,0.057,99462,37187,0:Tool returned non-zero status;0:Tool returned non-zero status;0:Tool returned non-zero status,0,0,0,0,,,,,0,0,,
arja,bugsdotjar,hadoop,2b19054c,TP1,CP1,3,3,1,2,0,0.0,12.333333333333334,11.0,14.0,0.034666666666666665,0.054,99360,36741,0:Tool returned non-zero status;0:Tool returned non-zero status;0:Tool returned non-zero status,0,0,0,0,,,,,0,0,,
arja,bugsdotjar,hadoop,31ebccc9,TP1,CP1,3,3,1,2,0,0.0,40.333333333333336,17.0,70.0,0.324,0.455,538134,194340,0:Tool returned non-zero status;0:Tool returned non-zero status;0:Tool returned non-zero status,0,0,0,0,,,,,0,0,,
arja,bugsdotjar,hadoop,49b4c0b3,TP1,CP1,3,3,1,2,0,0.0,45.666666666666664,24.0,57.0,0.31933333333333336,0.445,497649,173772,0:Tool returned non-zero status;0:Tool returned non-zero status;0:Tool returned non-zero status,0,0,0,0,,,,,0,0,,
arja,bugsdotjar,hadoop,513ec3de,TP1,CP1,3,3,1,2,0,0.0,12.333333333333334,9.0,15.0,0.042,0.063,206509,73407,0:Tool returned non-zero status;0:Tool returned non-zero status;0:Tool returned non-zero status,0,0,0,0,,,,,0,0,,
arja,bugsdotjar,hadoop,770cc144,TP1,CP1,3,3,1,2,0,0.0,25.333333333333332,19.0,33.0,0.193,0.245,137336,75783,0:Tool returned non-zero status;0:Tool returned non-zero status;0:Tool returned non-zero status,0,0,0,0,,,,,0,0,,
arja,bugsdotjar,hadoop,79b12f6f,TP1,CP1,3,3,1,2,0,0.0,12.666666666666666,10.0,16.0,0.034333333333333334,0.053,99315,37365,0:Tool returned non-zero status;0:Tool returned non-zero status;0:Tool returned non-zero status,0,0,0,0,,,,,0,0,,
arja,bugsdotjar,hadoop,890a2ebd,TP1,CP1,3,3,1,2,0,0.0,12.666666666666666,8.0,20.0,0.04133333333333333,0.062,143382,54425,0:Tool returned non-zero status;0:Tool returned non-zero status;0:Tool returned non-zero status,0,0,0,0,,,,,0,0,,
arja,bugsdotjar,hadoop,905c58ed,TP1,CP1,3,3,1,2,0,0.0,22.666666666666668,13.0,32.0,0.15166666666666667,0.198,145225,82035,0:Tool returned non-zero status;0:Tool returned non-zero status;0:Tool returned non-zero status,0,0,0,0,,,,,0,0,,
arja,bugsdotjar,hadoop,a4e0ff5e,TP1,CP1,3,3,1,2,0,0.0,18.666666666666668,17.0,21.0,0.125,0.165,63286,24354,0:Tool returned non-zero status;0:Tool returned non-zero status;0:Tool returned non-zero status,0,0,0,0,,,,,0,0,,
arja,bugsdotjar,hadoop,a7998921,TP1,CP1,3,3,1,2,0,0.0,20.0,15.0,26.0,0.05466666666666667,0.084,112409,59070,0:Tool returned non-zero status;0:Tool returned non-zero status;0:Tool returned non-zero status,0,0,0,0,,,,,0,0,,
arja,bugsdotjar,hadoop,a8e7f745,TP1,CP1,3,3,1,2,0,0.0,16.0,10.0,27.0,0.12133333333333335,0.168,79647,24120,0:Tool returned non-zero status;0:Tool returned non-zero status;0:Tool returned non-zero status,0,0,0,0,,,,,0,0,,
arja,bugsdotjar,hadoop,ad10cbd9,TP1,CP1,3,3,1,2,0,0.0,55.666666666666664,52.0,59.0,0.362,0.526,556346,192636,0:Tool returned non-zero status;0:Tool returned non-zero status;0:Tool returned non-zero status,0,0,0,0,,,,,0,0,,
arja,bugsdotjar,hadoop,b1e05908,TP1,CP1,3,3,1,2,0,0.0,9.333333333333334,7.0,11.0,0.04,0.059,305550,118900,0:Tool returned non-zero status;0:Tool returned non-zero status;0:Tool returned non-zero status,0,0,0,0,,,,,0,0,,
arja,bugsdotjar,hadoop,b4c8567e,TP1,CP1,3,3,1,2,0,0.0,9.0,6.0,11.0,0.09066666666666667,0.125,71236,21531,0:Tool returned non-zero status;0:Tool returned non-zero status;0:Tool returned non-zero status,0,0,0,0,,,,,0,0,,
arja,bugsdotjar,hadoop,d720ebc2,TP1,CP1,3,3,1,2,0,0.0,26.333333333333332,14.0,43.0,0.05533333333333333,0.084,112691,58914,0:Tool returned non-zero status;0:Tool returned non-zero status;0:Tool returned non-zero status,0,0,0,0,,,,,0,0,,
arja,bugsdotjar,hbase,190c253c,TP1,CP1,3,3,1,2,0,0.0,3815.6666666666665,3761.0,3878.0,0.001,0.001,798,252,0:Job Timeout;0:Job Timeout;0:Job Timeout,0,0,0,0,1378,4134,,,1377,4131,,
arja,bugsdotjar,hbase,21cb00ee,TP1,CP1,3,3,1,2,0,0.0,4109.333333333333,4029.0,4201.0,0.001,0.001,798,252,0:Job Timeout;0:Job Timeout;0:Job Timeout,0,0,0,0,,,,,0,0,,
arja,bugsdotjar,hbase,9c1f2dd0,TP1,CP1,3,3,1,2,0,0.0,3888.3333333333335,3832.0,3936.0,0.001,0.001,798,252,0:Job Timeout;0:Job Timeout;0:Job Timeout,0,0,0,0,,,,,0,0,,
arja,bugsdotjar,jackrabbit,57c16ec4,TP1,CP1,2,3,1,2,0,0.0,12457.0,12298.0,12616.0,0.001,0.001,3759,210,0:Job Timeout;0:Job Timeout,0,0,0,0,,,,,0,0,,
arja,bugsdotjar,jackrabbit,6fb52bbc,TP1,CP1,1,3,1,2,0,0.0,24.0,24.0,24.0,0.017,0.017,8453193,320657,0:Tool returned non-zero status,0,0,0,0,,,,,0,0,,
arja,bugsdotjar,jackrabbit,86824f03,TP1,CP1,3,3,1,2,0,0.0,3689.3333333333335,3683.0,3693.0,0.001,0.001,798,252,0:Job Timeout;0:Job Timeout;0:Job Timeout,0,0,0,0,7535.666666666667,22607,,,7534.666666666667,22604,,
arja,bugsdotjar,kafka,98ea773a,TP1,CP1,3,3,1,2,0,0.0,53.0,42.0,71.0,0.17766666666666667,0.239,11367,378,0:Tool returned non-zero status;0:Tool returned non-zero status;0:Tool returned non-zero status,0,0,0,0,,,,,0,0,,
arja,bugsdotjar,kafka,be846d83,TP1,CP1,3,3,1,2,0,0.0,0.6666666666666666,0.0,1.0,0.0016666666666666668,0.002,2910,294,0:Tool returned non-zero status;0:Tool returned non-zero status;0:Tool returned non-zero status,0,0,0,0,,,,,0,0,,
arja,bugsdotjar,kafka,e7663a30,TP1,CP1,3,3,1,2,0,0.0,27.0,18.0,42.0,0.07333333333333333,0.103,10158,378,0:Tool returned non-zero status;0:Tool returned non-zero status;0:Tool returned non-zero status,0,0,0,0,,,,,0,0,,
arja,bugsdotjar,karaf,6650922f,TP1,CP1,3,3,1,2,0,0.0,3626.3333333333335,3624.0,3631.0,0.001,0.001,798,252,0:Job Timeout;0:Job Timeout;0:Job Timeout,0,0,0,0,7895.333333333333,23686,,,7894.333333333333,23683,,
arja,bugsdotjar,nifi,10332535,TP1,CP1,3,3,1,2,0,0.0,4520.666666666667,3724.0,6113.0,0.001,0.001,840,252,0:Job Timeout;0:Job Timeout;0:Job Timeout,0,0,0,0,1684.6666666666667,5054,,,1683.6666666666667,5051,,
arja,bugsdotjar,nifi,3492313d,TP1,CP1,2,3,1,2,0,0.0,12706.5,12518.0,12895.0,0.001,0.001,3458,210,0:Job Timeout;0:Job Timeout,0,0,0,0,,,,,0,0,,
arja,bugsdotjar,nifi,4417b9d6,TP1,CP1,3,3,1,2,0,0.0,4500.0,3703.0,6070.0,0.001,0.001,840,252,0:Job Timeout;0:Job Timeout;0:Job Timeout,0,0,656.3333333333334,1969,589,1767,,,1244.3333333333333,3733,,
arja,bugsdotjar,nifi,570fc7f1,TP1,CP1,3,3,1,2,0,0.0,14147.0,13417.0,15578.0,0.001,0.001,6368,378,0:Job Timeout;0:Job Timeout;0:Job Timeout,0,0,0,0,,,,,0,0,,
arja,bugsdotjar,solr,0baf2fa3,TP1,CP1,3,3,1,2,0,0.0,3.0,2.0,4.0,0.003,0.006,12626,378,0:Tool returned non-zero status;0:Tool returned non-zero status;0:Tool returned non-zero status,0,0,0,0,,,,,0,0,,
arja,bugsdotjar,solr,1ce4d6b3,TP1,CP1,3,3,1,2,0,0.0,86.0,67.0,115.0,0.5343333333333333,0.755,108548,31483,0:Tool returned non-zero status;0:Tool returned non-zero status;0:Tool returned non-zero status,0,0,0,0,,,,,0,0,,
arja,bugsdotjar,solr,3a63c58d,TP1,CP1,3,3,1,2,0,0.0,4.0,4.0,4.0,0.013333333333333334,0.034,13171,378,0:Tool returned non-zero status;0:Tool returned non-zero status;0:Tool returned non-zero status,0,0,0,0,,,,,0,0,,
arja,bugsdotjar,solr,561fddd8,TP1,CP1,3,3,1,2,0,0.0,2.0,1.0,3.0,0.001,0.001,9585,378,0:Tool returned non-zero status;0:Tool returned non-zero status;0:Tool returned non-zero status,0,0,0,0,,,,,0,0,,
arja,bugsdotjar,solr,6d68694c,TP1,CP1,3,3,1,2,0,0.0,1.6666666666666667,1.0,2.0,0.0023333333333333335,0.005,8937,378,0:Tool returned non-zero status;0:Tool returned non-zero status;0:Tool returned non-zero status,0,0,0,0,,,,,0,0,,
arja,bugsdotjar,solr,79351129,TP1,CP1,3,3,1,2,0,0.0,3.3333333333333335,3.0,4.0,0.001,0.001,11005,378,0:Tool returned non-zero status;0:Tool returned non-zero status;0:Tool returned non-zero status,0,0,0,0,,,,,0,0,,
arja,bugsdotjar,solr,93ebd8d5,TP1,CP1,3,3,1,2,0,0.0,1.3333333333333333,1.0,2.0,0.001,0.001,8096,378,0:Tool returned non-zero status;0:Tool returned non-zero status;0:Tool returned non-zero status,0,0,0,0,,,,,0,0,,
arja,bugsdotjar,solr,a027a355,TP1,CP1,3,3,1,2,0,0.0,1.6666666666666667,1.0,2.0,0.001,0.001,9178,378,0:Tool returned non-zero status;0:Tool returned non-zero status;0:Tool returned non-zero status,0,0,0,0,,,,,0,0,,
arja,bugsdotjar,solr,d01c4d6a,TP1,CP1,3,3,1,2,0,0.0,2.6666666666666665,2.0,3.0,0.0033333333333333335,0.004,9573,378,0:Tool returned non-zero status;0:Tool returned non-zero status;0:Tool returned non-zero status,0,0,0,0,,,,,0,0,,
cardumen,bugsdotjar,ambari,10636070,TP1,CP1,3,3,1,2,0,0.0,155.33333333333334,68.0,201.0,0.7863333333333333,0.922,16847681,4189206,0:Tool returned non-zero status;0:Tool returned non-zero status;0:Tool returned non-zero status,0,0,0,0,,,0,0,0,0,,
cardumen,bugsdotjar,ambari,1eba77a9,TP1,CP1,1,3,1,2,0,0.0,3601.0,3601.0,3601.0,0.001,0.001,266,84,0:Job Timeout,0,0,0,0,,,0,0,0,0,,
cardumen,bugsdotjar,ambari,27a22897,TP1,CP1,3,3,1,2,0,0.0,114.33333333333333,79.0,155.0,0.782,0.903,16601873,4158372,0:Tool returned non-zero status;0:Tool returned non-zero status;0:Tool returned non-zero status,0,0,0,0,,,0,0,0,0,,
cardumen,bugsdotjar,ambari,4b97eb77,TP1,CP1,3,3,1,2,0,0.0,98.66666666666667,66.0,118.0,0.8693333333333333,1.006,210183,63237,0:Tool returned non-zero status;0:Tool returned non-zero status;0:Tool returned non-zero status,0,0,0,0,,,0,0,0,0,,
cardumen,bugsdotjar,ambari,58dabba1,TP1,CP1,3,3,1,2,0,0.0,3800.6666666666665,3790.0,3821.0,0.001,0.001,1951,252,0:Job Timeout;0:Job Timeout;0:Job Timeout,0,0,0,0,2656.3333333333335,7969,4293,12879,6949.333333333333,20848,,
cardumen,bugsdotjar,ambari,630299fb,TP1,CP1,3,3,1,2,0,0.0,153.0,86.0,199.0,0.783,0.919,16911421,4202259,0:Tool returned non-zero status;0:Tool returned non-zero status;0:Tool returned non-zero status,0,0,0,0,,,0,0,0,0,,
cardumen,bugsdotjar,ambari,69c83419,TP1,CP1,3,3,1,2,0,0.0,3602.0,3602.0,3602.0,0.001,0.001,798,252,0:Job Timeout;0:Job Timeout;0:Job Timeout,0,0,0,0,,,0,0,0,0,,
cardumen,bugsdotjar,ambari,6fae1889,TP1,CP1,3,3,1,2,0,0.0,10.333333333333334,8.0,15.0,0.4673333333333334,0.557,3959097,719112,0:Tool returned non-zero status;0:Tool returned non-zero status;0:Tool returned non-zero status,0,0,0,0,,,0,0,0,0,,
cardumen,bugsdotjar,ambari,8782442d,TP1,CP1,3,3,1,2,3,1.0,1422.6666666666667,1289.0,1526.0,0.4033333333333333,0.501,113956,23040,0:Success;0:Success;0:Success,0,0,0,0,1548,4644,3124,9372,4672,14016,,
cardumen,bugsdotjar,ambari,a5807823,TP1,CP1,1,3,1,2,0,0.0,3601.0,3601.0,3601.0,0.001,0.001,516,84,0:Job Timeout,0,0,0,0,,,0,0,0,0,,
cardumen,bugsdotjar,ambari,b2fae8cb,TP1,CP1,3,3,1,2,3,1.0,1067.6666666666667,636.0,1296.0,0.32666666666666666,0.381,16136626,2309372,0:Success;0:Success;0:Success,0,0,0,0,1548,4644,3108,9324,4656,13968,,
cardumen,bugsdotjar,ambari,dba3fee7,TP1,CP1,3,3,1,2,0,0.0,3647.3333333333335,3634.0,3664.0,0.001,0.001,798,252,0:Job Timeout;0:Job Timeout;0:Job Timeout,0,0,0,0,328.6666666666667,986,543.3333333333334,1630,872,2616,,
cardumen,bugsdotjar,ambari,e3d5fd61,TP1,CP1,3,3,1,2,0,0.0,119.0,84.0,153.0,0.8606666666666667,0.998,213013,63465,0:Tool returned non-zero status;0:Tool returned non-zero status;0:Tool returned non-zero status,0,0,0,0,,,0,0,0,0,,
cardumen,bugsdotjar,ambari,f4e0f6ca,TP1,CP1,3,3,1,2,0,0.0,18.666666666666668,17.0,21.0,0.43033333333333335,0.514,132494,37374,0:Tool returned non-zero status;0:Tool returned non-zero status;0:Tool returned non-zero status,0,0,0,0,,,0,0,0,0,,
cardumen,bugsdotjar,calcite,d4d7ab99,TP1,CP1,3,3,1,2,3,1.0,11.666666666666666,7.0,15.0,0.09066666666666667,0.128,10155,378,0:Success;0:Success;0:Success,0,0,0,0,,,0,0,0,0,,
cardumen,bugsdotjar,flink,06437970,TP1,CP1,3,3,1,2,3,1.0,3073.3333333333335,2791.0,3251.0,1.9916666666666667,2.107,23251,2630,0:Success;0:Success;0:Success,0,0,0,0,76,228,126,378,202,606,,
cardumen,bugsdotjar,flink,1836e08f,TP1,CP1,3,3,1,2,0,0.0,3786.6666666666665,3723.0,3836.0,0.001,0.001,1090,252,0:Job Timeout;0:Job Timeout;0:Job Timeout,0,0,0,0,1899.6666666666667,5699,3233.6666666666665,9701,5133.333333333333,15400,,
cardumen,bugsdotjar,flink,2558c9ee,TP1,CP1,3,3,1,2,0,0.0,3601.6666666666665,3601.0,3602.0,0.001,0.001,798,252,0:Job Timeout;0:Job Timeout;0:Job Timeout,0,0,0,0,,,0,0,0,0,,
cardumen,bugsdotjar,flink,2fbe562d,TP1,CP1,3,3,1,2,0,0.0,0.6666666666666666,0.0,1.0,0.16899999999999998,0.222,95468,27912,0:Tool returned non-zero status;0:Tool returned non-zero status;0:Tool returned non-zero status,0,0,0,0,,,0,0,0,0,,
cardumen,bugsdotjar,flink,31837a75,TP1,CP1,4,3,1,2,4,1.3333333333333333,926.0,855.0,990.0,0.47700000000000004,0.555,5397675,239247,0:Success;0:Success;0:Success;0:Success,0,0,0,0,312,1248,778,3112,1090,4360,,
cardumen,bugsdotjar,flink,42d8dde0,TP1,CP1,3,3,1,2,0,0.0,3941.0,3840.0,4103.0,0.001,0.001,798,252,0:Job Timeout;0:Job Timeout;0:Job Timeout,0,0,0,0,1018.3333333333334,3055,1809,5427,2827.3333333333335,8482,,
cardumen,bugsdotjar,flink,6b892a63,TP1,CP1,3,3,1,2,3,1.0,31.666666666666668,30.0,35.0,0.5566666666666666,0.68,12948,378,0:Success;0:Success;0:Success,0,0,0,0,,,0,0,0,0,,
cardumen,bugsdotjar,flink,91a0c8c5,TP1,CP1,3,3,1,2,0,0.0,28.333333333333332,20.0,34.0,0.6559999999999999,0.848,7932588,286779,0:Tool returned non-zero status;0:Tool returned non-zero status;0:Tool returned non-zero status,0,0,0,0,,,0,0,0,0,,
cardumen,bugsdotjar,flink,9c3be7e6,TP1,CP1,3,3,1,2,3,1.0,189.33333333333334,173.0,204.0,1.183,1.496,15576309,320280,0:Success;0:Success;0:Success,0,0,0,0,,,0,0,0,0,,
cardumen,bugsdotjar,flink,d0fbd344,TP1,CP1,3,3,1,2,3,1.0,32.0,29.0,36.0,0.9736666666666667,1.194,14475490,441188,0:Success;0:Success;0:Success,0,0,0,0,,,0,0,0,0,,
cardumen,bugsdotjar,flink,e3759a5e,TP1,CP1,3,3,1,2,3,1.0,14.666666666666666,13.0,18.0,0.45866666666666667,0.549,4046717,177695,0:Success;0:Success;0:Success,0,0,0,0,,,0,0,0,0,,
cardumen,bugsdotjar,hadoop,0308423b,TP1,CP1,3,3,1,2,0,0.0,0.6666666666666666,0.0,1.0,0.029666666666666664,0.059,96703,35307,0:Tool returned non-zero status;0:Tool returned non-zero status;0:Tool returned non-zero status,0,0,0,0,,,0,0,0,0,,
cardumen,bugsdotjar,hadoop,2b19054c,TP1,CP1,3,3,1,2,0,0.0,1.0,1.0,1.0,0.027,0.054,97569,37161,0:Tool returned non-zero status;0:Tool returned non-zero status;0:Tool returned non-zero status,0,0,0,0,,,0,0,0,0,,
cardumen,bugsdotjar,hadoop,31ebccc9,TP1,CP1,3,3,1,2,0,0.0,0.3333333333333333,0.0,1.0,0.299,0.477,408763,139311,0:Tool returned non-zero status;0:Tool returned non-zero status;0:Tool returned non-zero status,0,0,0,0,,,0,0,0,0,,
cardumen,bugsdotjar,hadoop,49b4c0b3,TP1,CP1,3,3,1,2,0,0.0,1.0,1.0,1.0,0.30733333333333335,0.475,339704,113493,0:Tool returned non-zero status;0:Tool returned non-zero status;0:Tool returned non-zero status,0,0,0,0,,,0,0,0,0,,
cardumen,bugsdotjar,hadoop,513ec3de,TP1,CP1,3,3,1,2,0,0.0,1.0,1.0,1.0,0.033,0.065,209688,70664,0:Tool returned non-zero status;0:Tool returned non-zero status;0:Tool returned non-zero status,0,0,0,0,,,0,0,0,0,,
cardumen,bugsdotjar,hadoop,770cc144,TP1,CP1,3,3,1,2,0,0.0,1.0,1.0,1.0,0.187,0.252,102783,52341,0:Tool returned non-zero status;0:Tool returned non-zero status;0:Tool returned non-zero status,0,0,0,0,,,0,0,0,0,,
cardumen,bugsdotjar,hadoop,79b12f6f,TP1,CP1,3,3,1,2,0,0.0,1.0,1.0,1.0,0.027666666666666666,0.054,97853,36911,0:Tool returned non-zero status;0:Tool returned non-zero status;0:Tool returned non-zero status,0,0,0,0,,,0,0,0,0,,
cardumen,bugsdotjar,hadoop,890a2ebd,TP1,CP1,3,3,1,2,0,0.0,0.3333333333333333,0.0,1.0,0.033,0.062,141076,53019,0:Tool returned non-zero status;0:Tool returned non-zero status;0:Tool returned non-zero status,0,0,0,0,,,0,0,0,0,,
cardumen,bugsdotjar,hadoop,905c58ed,TP1,CP1,3,3,1,2,0,0.0,1.0,1.0,1.0,0.14666666666666667,0.205,102822,52521,0:Tool returned non-zero status;0:Tool returned non-zero status;0:Tool returned non-zero status,0,0,0,0,,,0,0,0,0,,
cardumen,bugsdotjar,hadoop,a4e0ff5e,TP1,CP1,3,3,1,2,0,0.0,1.3333333333333333,1.0,2.0,0.11533333333333334,0.17,38504,7011,0:Tool returned non-zero status;0:Tool returned non-zero status;0:Tool returned non-zero status,0,0,0,0,,,0,0,0,0,,
cardumen,bugsdotjar,hadoop,a7998921,TP1,CP1,3,3,1,2,0,0.0,0.6666666666666666,0.0,1.0,0.045,0.085,70121,29640,0:Tool returned non-zero status;0:Tool returned non-zero status;0:Tool returned non-zero status,0,0,0,0,,,0,0,0,0,,
cardumen,bugsdotjar,hadoop,a8e7f745,TP1,CP1,3,3,1,2,0,0.0,0.6666666666666666,0.0,1.0,0.11733333333333335,0.168,42331,8343,0:Tool returned non-zero status;0:Tool returned non-zero status;0:Tool returned non-zero status,0,0,0,0,,,0,0,0,0,,
cardumen,bugsdotjar,hadoop,ad10cbd9,TP1,CP1,3,3,1,2,0,0.0,0.6666666666666666,0.0,1.0,0.36,0.563,372053,132081,0:Tool returned non-zero status;0:Tool returned non-zero status;0:Tool returned non-zero status,0,0,0,0,,,0,0,0,0,,
cardumen,bugsdotjar,hadoop,b1e05908,TP1,CP1,3,3,1,2,0,0.0,1.3333333333333333,1.0,2.0,0.03333333333333333,0.064,293753,117279,0:Tool returned non-zero status;0:Tool returned non-zero status;0:Tool returned non-zero status,0,0,0,0,,,0,0,0,0,,
cardumen,bugsdotjar,hadoop,b4c8567e,TP1,CP1,3,3,1,2,0,0.0,0.6666666666666666,0.0,1.0,0.087,0.126,55840,14337,0:Tool returned non-zero status;0:Tool returned non-zero status;0:Tool returned non-zero status,0,0,0,0,,,0,0,0,0,,
cardumen,bugsdotjar,hadoop,d720ebc2,TP1,CP1,3,3,1,2,0,0.0,0.6666666666666666,0.0,1.0,0.04733333333333333,0.086,70548,29964,0:Tool returned non-zero status;0:Tool returned non-zero status;0:Tool returned non-zero status,0,0,0,0,,,0,0,0,0,,
cardumen,bugsdotjar,hbase,190c253c,TP1,CP1,3,3,1,2,3,1.0,260.0,214.0,314.0,0.43133333333333335,0.54,57777151,759428,0:Success;0:Success;0:Success,0,0,0,0,,,0,0,0,0,,
cardumen,bugsdotjar,hbase,21cb00ee,TP1,CP1,3,3,1,2,0,0.0,728.0,527.0,879.0,0.35866666666666663,0.475,16622,378,0:Tool returned non-zero status;0:Tool returned non-zero status;0:Tool returned non-zero status,0,0,0,0,,,0,0,0,0,,
cardumen,bugsdotjar,hbase,9c1f2dd0,TP1,CP1,3,3,1,2,0,0.0,590.3333333333334,501.0,742.0,0.6396666666666666,0.743,15942,378,0:Tool returned non-zero status;0:Tool returned non-zero status;0:Tool returned non-zero status,0,0,0,0,,,0,0,0,0,,
cardumen,bugsdotjar,jackrabbit,57c16ec4,TP1,CP1,3,3,1,2,3,1.0,49.666666666666664,26.0,64.0,0.10033333333333333,0.129,4900741,230257,0:Success;0:Success;0:Success,0,0,0,0,,,0,0,0,0,,
cardumen,bugsdotjar,jackrabbit,86824f03,TP1,CP1,3,3,1,2,0,0.0,3814.3333333333335,3771.0,3841.0,0.001,0.001,1048,252,0:Job Timeout;0:Job Timeout;0:Job Timeout,0,0,0,0,1260.3333333333333,3781,4337,13011,5597.333333333333,16792,,
cardumen,bugsdotjar,kafka,98ea773a,TP1,CP1,3,3,1,2,0,0.0,3601.0,3601.0,3601.0,0.001,0.001,1058,252,0:Job Timeout;0:Job Timeout;0:Job Timeout,0,0,0,0,,,0,0,0,0,,
cardumen,bugsdotjar,kafka,be846d83,TP1,CP1,3,3,1,2,0,0.0,0.3333333333333333,0.0,1.0,0.008,0.019,4197,336,0:Tool returned non-zero status;0:Tool returned non-zero status;0:Tool returned non-zero status,0,0,0,0,,,0,0,0,0,,
cardumen,bugsdotjar,kafka,e7663a30,TP1,CP1,3,3,1,2,0,0.0,0.3333333333333333,0.0,1.0,0.059,0.104,6939,336,0:Tool returned non-zero status;0:Tool returned non-zero status;0:Tool returned non-zero status,0,0,0,0,,,0,0,0,0,,
cardumen,bugsdotjar,karaf,6650922f,TP1,CP1,2,3,1,2,0,0.0,3716.0,3704.0,3728.0,0.001,0.001,532,168,0:Job Timeout;0:Job Timeout,0,0,0,0,735.5,1471,1226.5,2453,1962,3924,,
cardumen,bugsdotjar,nifi,10332535,TP1,CP1,3,3,1,2,0,0.0,1.0,1.0,1.0,0.135,0.186,4612164,84723,0:Tool returned non-zero status;0:Tool returned non-zero status;0:Tool returned non-zero status,0,0,0,0,,,0,0,0,0,,
cardumen,bugsdotjar,nifi,3492313d,TP1,CP1,3,3,1,2,0,0.0,46.666666666666664,35.0,54.0,0.2613333333333333,0.368,13032,378,0:Tool returned non-zero status;0:Tool returned non-zero status;0:Tool returned non-zero status,0,0,0,0,,,0,0,0,0,,
cardumen,bugsdotjar,nifi,4417b9d6,TP1,CP1,3,3,1,2,3,1.0,60.0,44.0,87.0,0.20033333333333334,0.271,11080701,283797,0:Success;0:Success;0:Success,0,0,0,0,,,0,0,0,0,,
cardumen,bugsdotjar,nifi,570fc7f1,TP1,CP1,3,3,1,2,0,0.0,4.333333333333333,3.0,6.0,0.19766666666666666,0.3,9596559,206811,0:Tool returned non-zero status;0:Tool returned non-zero status;0:Tool returned non-zero status,0,0,0,0,,,0,0,0,0,,
cardumen,bugsdotjar,solr,0baf2fa3,TP1,CP1,3,3,1,2,0,0.0,1.0,1.0,1.0,0.012,0.034,12515,378,0:Tool returned non-zero status;0:Tool returned non-zero status;0:Tool returned non-zero status,0,0,0,0,,,0,0,0,0,,
cardumen,bugsdotjar,solr,1ce4d6b3,TP1,CP1,3,3,1,2,0,0.0,1.0,0.0,2.0,0.5553333333333333,0.825,107377,31115,0:Tool returned non-zero status;0:Tool returned non-zero status;0:Tool returned non-zero status,0,0,0,0,,,0,0,0,0,,
cardumen,bugsdotjar,solr,3a63c58d,TP1,CP1,3,3,1,2,0,0.0,0.6666666666666666,0.0,1.0,0.001,0.001,13005,378,0:Tool returned non-zero status;0:Tool returned non-zero status;0:Tool returned non-zero status,0,0,0,0,,,0,0,0,0,,
cardumen,bugsdotjar,solr,561fddd8,TP1,CP1,3,3,1,2,0,0.0,0.6666666666666666,0.0,1.0,0.001,0.001,11574,378,0:Tool returned non-zero status;0:Tool returned non-zero status;0:Tool returned non-zero status,0,0,0,0,,,0,0,0,0,,
cardumen,bugsdotjar,solr,6d68694c,TP1,CP1,3,3,1,2,0,0.0,0.3333333333333333,0.0,1.0,0.001,0.001,10926,378,0:Tool returned non-zero status;0:Tool returned non-zero status;0:Tool returned non-zero status,0,0,0,0,,,0,0,0,0,,
cardumen,bugsdotjar,solr,79351129,TP1,CP1,3,3,1,2,0,0.0,0.3333333333333333,0.0,1.0,0.001,0.001,11250,378,0:Tool returned non-zero status;0:Tool returned non-zero status;0:Tool returned non-zero status,0,0,0,0,,,0,0,0,0,,
cardumen,bugsdotjar,solr,93ebd8d5,TP1,CP1,3,3,1,2,0,0.0,1.0,1.0,1.0,0.001,0.001,10088,378,0:Tool returned non-zero status;0:Tool returned non-zero status;0:Tool returned non-zero status,0,0,0,0,,,0,0,0,0,,
cardumen,bugsdotjar,solr,a027a355,TP1,CP1,3,3,1,2,0,0.0,0.6666666666666666,0.0,1.0,0.001,0.001,9316,378,0:Tool returned non-zero status;0:Tool returned non-zero status;0:Tool returned non-zero status,0,0,0,0,,,0,0,0,0,,
cardumen,bugsdotjar,solr,d01c4d6a,TP1,CP1,3,3,1,2,0,0.0,1.0,1.0,1.0,0.001,0.001,13303,378,0:Tool returned non-zero status;0:Tool returned non-zero status;0:Tool returned non-zero status,0,0,0,0,,,0,0,0,0,,
cardumen,bugsdotjar,wicket,1fb66533,TP1,CP1,1,3,1,2,0,0.0,3758.0,3758.0,3758.0,0.001,0.001,266,84,0:Job Timeout,0,0,0,0,2066,2066,4736,4736,6802,6802,,
repairllama,bugsdotjar,ambari,10636070,TP1,CP1,3,3,,0,0.0,1007.0,1007.0,1007.0,0.37,0.467,18645105,4542208,0:Tool returned non-zero status;1:Tool returned non-zero status;2:Tool returned non-zero status,,,,,,,,,,,,
repairllama,bugsdotjar,ambari,1eba77a9,TP1,CP1,5,3,,0,0.0,5.4,5.0,6.0,0.1672,0.207,32318923,6616538,0:Tool returned non-zero status;0:Tool returned non-zero status;1:Tool returned non-zero status;1:Tool returned non-zero status;2:Tool returned non-zero status,,,,,,,,,,,,
repairllama,bugsdotjar,ambari,27a22897,TP1,CP1,3,3,,0,0.0,1006.0,1006.0,1006.0,0.32366666666666666,0.353,19763423,4562709,0:Tool returned non-zero status;1:Tool returned non-zero status;2:Tool returned non-zero status,,,,,,,,,,,,
repairllama,bugsdotjar,ambari,4b97eb77,TP1,CP1,3,3,,0,0.0,1006.0,1006.0,1006.0,0.3363333333333333,0.362,9022,3777,0:Tool returned non-zero status;1:Tool returned non-zero status;2:Tool returned non-zero status,,,,,,,,,,,,
repairllama,bugsdotjar,ambari,58dabba1,TP1,CP1,3,3,,0,0.0,1003.0,1003.0,1003.0,0.06433333333333334,0.07,3678,378,0:Tool returned non-zero status;1:Tool returned non-zero status;2:Tool returned non-zero status,,,,,,,,,,,,
repairllama,bugsdotjar,ambari,630299fb,TP1,CP1,3,3,,0,0.0,1006.0,1006.0,1006.0,0.345,0.363,19488857,4539288,0:Tool returned non-zero status;1:Tool returned non-zero status;2:Tool returned non-zero status,,,,,,,,,,,,
repairllama,bugsdotjar,ambari,69c83419,TP1,CP1,3,3,,0,0.0,7.0,7.0,7.0,0.24066666666666667,0.318,17983566,4643650,0:Tool returned non-zero status;1:Tool returned non-zero status;2:Tool returned non-zero status,,,,,,,,,,,,
repairllama,bugsdotjar,ambari,6fae1889,TP1,CP1,3,3,,0,0.0,3606.0,3606.0,3606.0,0.001,0.001,1618,252,0:Job Timeout;1:Job Timeout;2:Job Timeout,,,,,,,,,,,,
repairllama,bugsdotjar,ambari,8782442d,TP1,CP1,3,3,,0,0.0,1004.0,1004.0,1004.0,0.07266666666666667,0.077,3748,378,0:Tool returned non-zero status;1:Tool returned non-zero status;2:Tool returned non-zero status,,,,,,,,,,,,
repairllama,bugsdotjar,ambari,a5807823,TP1,CP1,3,3,,0,0.0,6.0,6.0,6.0,0.184,0.197,22098308,4550032,0:Tool returned non-zero status;1:Tool returned non-zero status;2:Tool returned non-zero status,,,,,,,,,,,,
repairllama,bugsdotjar,ambari,b2fae8cb,TP1,CP1,3,3,,0,0.0,1003.0,1003.0,1003.0,0.07100000000000001,0.075,3748,378,0:Tool returned non-zero status;1:Tool returned non-zero status;2:Tool returned non-zero status,,,,,,,,,,,,
repairllama,bugsdotjar,ambari,dba3fee7,TP1,CP1,3,3,,0,0.0,1004.0,1004.0,1004.0,0.076,0.097,3818,378,0:Tool returned non-zero status;1:Tool returned non-zero status;2:Tool returned non-zero status,,,,,,,,,,,,
repairllama,bugsdotjar,ambari,e3d5fd61,TP1,CP1,3,3,,0,0.0,1006.0,1006.0,1006.0,0.3283333333333333,0.349,57910,12765,0:Tool returned non-zero status;1:Tool returned non-zero status;2:Tool returned non-zero status,,,,,,,,,,,,
repairllama,bugsdotjar,ambari,f4e0f6ca,TP1,CP1,3,3,,0,0.0,1004.0,1004.0,1004.0,0.15066666666666667,0.166,3818,378,0:Tool returned non-zero status;1:Tool returned non-zero status;2:Tool returned non-zero status,,,,,,,,,,,,
repairllama,bugsdotjar,calcite,618e601b,TP1,CP1,3,3,,0,0.0,0.0,0.0,0.0,0.001,0.001,1618,252,0:Tool returned non-zero status;1:Tool returned non-zero status;2:Tool returned non-zero status,,,,,,,,,,,,
repairllama,bugsdotjar,calcite,d4d7ab99,TP1,CP1,3,3,,3,1.0,373.0,373.0,373.0,11.786666666666667,11.964,242584,13437,0:Success;1:Success;2:Success,6,18,,,,,,,,,,
repairllama,bugsdotjar,flink,06437970,TP1,CP1,3,3,,0,0.0,7.0,7.0,7.0,0.18866666666666668,0.296,2838,378,0:Tool returned non-zero status;1:Tool returned non-zero status;2:Tool returned non-zero status,,,,,,,,,,,,
repairllama,bugsdotjar,flink,1836e08f,TP1,CP1,3,3,,3,1.0,394.0,394.0,394.0,11.286,12.978,3468,378,0:Success;1:Success;2:Success,6,18,,,,,,,,,,
repairllama,bugsdotjar,flink,2558c9ee,TP1,CP1,3,3,,3,1.0,588.0,588.0,588.0,10.559666666666667,12.023,10872,4580,0:Success;1:Success;2:Success,6,18,,,,,,,,,,
repairllama,bugsdotjar,flink,2fbe562d,TP1,CP1,3,3,,3,1.0,684.0,684.0,684.0,12.235,12.273,3678,378,0:Success;1:Success;2:Success,6,18,,,,,,,,,,
repairllama,bugsdotjar,flink,31837a75,TP1,CP1,3,3,,3,1.0,436.0,436.0,436.0,12.375666666666667,12.983,3468,378,0:Success;1:Success;2:Success,6,18,,,,,,,,,,
repairllama,bugsdotjar,flink,42d8dde0,TP1,CP1,3,3,,3,1.0,659.0,659.0,659.0,9.720333333333333,9.816,3678,378,0:Success;1:Success;2:Success,6,18,,,,,,,,,,
repairllama,bugsdotjar,flink,6b892a63,TP1,CP1,3,3,,3,1.0,363.0,363.0,363.0,12.376666666666667,13.2,3468,378,0:Success;1:Success;2:Success,6,18,,,,,,,,,,
repairllama,bugsdotjar,flink,91a0c8c5,TP1,CP1,3,3,,0,0.0,7.0,7.0,7.0,0.28833333333333333,0.405,1451032,49095,0:Tool returned non-zero status;1:Tool returned non-zero status;2:Tool returned non-zero status,,,,,,,,,,,,
repairllama,bugsdotjar,flink,9c3be7e6,TP1,CP1,3,3,,0,0.0,45.0,45.0,45.0,0.26366666666666666,0.365,10372541,117576,0:Tool returned non-zero status;1:Tool returned non-zero status;2:Tool returned non-zero status,,,,,,,,,,,,
repairllama,bugsdotjar,flink,d0fbd344,TP1,CP1,3,3,,3,1.0,287.0,287.0,287.0,12.182666666666666,12.323,9048417,247371,0:Success;1:Success;2:Success,6,18,,,,,,,,,,
repairllama,bugsdotjar,flink,e3759a5e,TP1,CP1,3,3,,3,1.0,414.0,414.0,414.0,13.075,13.207,3468,378,0:Success;1:Success;2:Success,6,18,,,,,,,,,,
repairllama,bugsdotjar,hadoop,0308423b,TP1,CP1,3,3,,3,1.0,4.0,4.0,4.0,0.016666666666666666,0.036,732037,37653,0:Success;1:Success;2:Success,,,,,,,,,,,,
repairllama,bugsdotjar,hadoop,2b19054c,TP1,CP1,3,3,,3,1.0,3.0,3.0,3.0,0.036333333333333336,0.054,56514871,2288467,0:Success;1:Success;2:Success,,,,,,,,,,,,
repairllama,bugsdotjar,hadoop,31ebccc9,TP1,CP1,3,3,,3,1.0,35.0,35.0,35.0,0.13233333333333333,0.232,13160,5910,0:Success;1:Success;2:Success,,,,,,,,,,,,
repairllama,bugsdotjar,hadoop,49b4c0b3,TP1,CP1,3,3,,3,1.0,116.0,116.0,116.0,11.201333333333332,12.261,3188,378,0:Success;1:Success;2:Success,2,6,,,,,,,,,,
repairllama,bugsdotjar,hadoop,513ec3de,TP1,CP1,3,3,,3,1.0,3.0,3.0,3.0,0.009,0.009,5299837,129353,0:Success;1:Success;2:Success,,,,,,,,,,,,
repairllama,bugsdotjar,hadoop,770cc144,TP1,CP1,3,3,,0,0.0,1005.0,1005.0,1005.0,0.14833333333333334,0.196,1760479,133362,0:Tool returned non-zero status;1:Tool returned non-zero status;2:Tool returned non-zero status,,,,,,,,,,,,
repairllama,bugsdotjar,hadoop,79b12f6f,TP1,CP1,3,3,,3,1.0,4.0,4.0,4.0,0.042666666666666665,0.051,56414716,2280259,0:Success;1:Success;2:Success,,,,,,,,,,,,
repairllama,bugsdotjar,hadoop,890a2ebd,TP1,CP1,3,3,,3,1.0,3.0,3.0,3.0,0.008,0.008,2632098,82083,0:Success;1:Success;2:Success,,,,,,,,,,,,
repairllama,bugsdotjar,hadoop,905c58ed,TP1,CP1,3,3,,0,0.0,1005.0,1005.0,1005.0,0.102,0.159,1651385,79965,0:Tool returned non-zero status;1:Tool returned non-zero status;2:Tool returned non-zero status,,,,,,,,,,,,
repairllama,bugsdotjar,hadoop,a4e0ff5e,TP1,CP1,3,3,,0,0.0,6.0,6.0,6.0,0.08633333333333333,0.151,2770715,68964,0:Tool returned non-zero status;1:Tool returned non-zero status;2:Tool returned non-zero status,,,,,,,,,,,,
repairllama,bugsdotjar,hadoop,a7998921,TP1,CP1,3,3,,3,1.0,4.0,4.0,4.0,0.020999999999999998,0.051,2418,378,0:Success;1:Success;2:Success,,,,,,,,,,,,
repairllama,bugsdotjar,hadoop,a8e7f745,TP1,CP1,3,3,,3,1.0,4.0,4.0,4.0,0.07400000000000001,0.085,2418,378,0:Success;1:Success;2:Success,,,,,,,,,,,,
repairllama,bugsdotjar,hadoop,ad10cbd9,TP1,CP1,3,3,,0,0.0,1006.0,1006.0,1006.0,0.19133333333333333,0.197,3024298,159747,0:Tool returned non-zero status;1:Tool returned non-zero status;2:Tool returned non-zero status,,,,,,,,,,,,
repairllama,bugsdotjar,hadoop,b1e05908,TP1,CP1,3,3,,3,1.0,3.0,3.0,3.0,0.036,0.056,55242765,1622333,0:Success;1:Success;2:Success,,,,,,,,,,,,
repairllama,bugsdotjar,hadoop,b4c8567e,TP1,CP1,3,3,,3,1.0,3.0,3.0,3.0,0.05533333333333334,0.069,12071457,384285,0:Success;1:Success;2:Success,,,,,,,,,,,,
repairllama,bugsdotjar,hadoop,d720ebc2,TP1,CP1,3,3,,3,1.0,4.0,4.0,4.0,0.016,0.036,539327,26925,0:Success;1:Success;2:Success,,,,,,,,,,,,
repairllama,bugsdotjar,hbase,190c253c,TP1,CP1,3,3,,3,1.0,705.0,705.0,705.0,12.959333333333333,13.139,15738351,134874,0:Success;1:Success;2:Success,6,18,,,,,,,,,,
repairllama,bugsdotjar,hbase,21cb00ee,TP1,CP1,3,3,,0,0.0,7.0,7.0,7.0,0.26066666666666666,0.359,2838,378,0:Tool returned non-zero status;1:Tool returned non-zero status;2:Tool returned non-zero status,,,,,,,,,,,,
repairllama,bugsdotjar,hbase,9c1f2dd0,TP1,CP1,3,3,,0,0.0,7.0,7.0,7.0,0.244,0.349,2838,378,0:Tool returned non-zero status;1:Tool returned non-zero status;2:Tool returned non-zero status,,,,,,,,,,,,
repairllama,bugsdotjar,jackrabbit,57c16ec4,TP1,CP1,3,3,,3,1.0,6.0,6.0,6.0,0.014666666666666666,0.015,8350690,399969,0:Success;1:Success;2:Success,,,,,,,,,,,,
repairllama,bugsdotjar,jackrabbit,86824f03,TP1,CP1,3,3,,0,0.0,690.0,690.0,690.0,0.2643333333333333,0.302,3678,378,0:Tool returned non-zero status;1:Tool returned non-zero status;2:Tool returned non-zero status,,,,,,,,,,,,
repairllama,bugsdotjar,kafka,98ea773a,TP1,CP1,3,3,,0,0.0,0.0,0.0,0.0,0.001,0.001,1458,252,0:Tool returned non-zero status;1:Tool returned non-zero status;2:Tool returned non-zero status,,,,,,,,,,,,
repairllama,bugsdotjar,kafka,be846d83,TP1,CP1,3,3,,0,0.0,0.0,0.0,0.0,0.001,0.001,1458,252,0:Tool returned non-zero status;1:Tool returned non-zero status;2:Tool returned non-zero status,,,,,,,,,,,,
repairllama,bugsdotjar,kafka,d62a42df,TP1,CP1,3,3,,0,0.0,0.0,0.0,0.0,0.001,0.001,1778,252,0:Tool returned non-zero status;1:Tool returned non-zero status;2:Tool returned non-zero status,,,,,,,,,,,,
repairllama,bugsdotjar,kafka,e7663a30,TP1,CP1,3,3,,0,0.0,0.0,0.0,0.0,0.001,0.001,1458,252,0:Tool returned non-zero status;1:Tool returned non-zero status;2:Tool returned non-zero status,,,,,,,,,,,,
repairllama,bugsdotjar,karaf,6650922f,TP1,CP1,3,3,,0,0.0,9.0,9.0,9.0,0.014333333333333333,0.019,2628,378,0:Tool returned non-zero status;1:Tool returned non-zero status;2:Tool returned non-zero status,,,,,,,,,,,,
repairllama,bugsdotjar,nifi,10332535,TP1,CP1,3,3,,3,1.0,4.0,4.0,4.0,0.019,0.047,2208,378,0:Success;1:Success;2:Success,,,,,,,,,,,,
repairllama,bugsdotjar,nifi,3492313d,TP1,CP1,3,3,,3,1.0,7.0,7.0,7.0,0.08533333333333334,0.116,2698,378,0:Success;1:Success;2:Success,,,,,,,,,,,,
repairllama,bugsdotjar,nifi,4417b9d6,TP1,CP1,3,3,,0,0.0,41.0,41.0,41.0,0.072,0.093,4524086,78192,0:Tool returned non-zero status;1:Tool returned non-zero status;2:Tool returned non-zero status,,,,,,,,,,,,
repairllama,bugsdotjar,nifi,570fc7f1,TP1,CP1,3,3,,3,1.0,4.0,4.0,4.0,0.06233333333333333,0.089,9366018,123918,0:Success;1:Success;2:Success,,,,,,,,,,,,
repairllama,bugsdotjar,solr,0baf2fa3,TP1,CP1,3,3,,3,1.0,4.0,4.0,4.0,0.03733333333333333,0.102,2208,378,0:Success;1:Success;2:Success,,,,,,,,,,,,
repairllama,bugsdotjar,solr,1ce4d6b3,TP1,CP1,3,3,,3,1.0,3.0,3.0,3.0,0.012666666666666666,0.028,2208,378,0:Success;1:Success;2:Success,,,,,,,,,,,,
repairllama,bugsdotjar,solr,3a63c58d,TP1,CP1,3,3,,3,1.0,5.0,5.0,5.0,0.06066666666666667,0.169,2208,378,0:Success;1:Success;2:Success,,,,,,,,,,,,
repairllama,bugsdotjar,solr,561fddd8,TP1,CP1,3,3,,3,1.0,4.0,4.0,4.0,0.015333333333333332,0.036,2208,378,0:Success;1:Success;2:Success,,,,,,,,,,,,
repairllama,bugsdotjar,solr,6d68694c,TP1,CP1,3,3,,3,1.0,3.0,3.0,3.0,0.015333333333333332,0.036,2208,378,0:Success;1:Success;2:Success,,,,,,,,,,,,
repairllama,bugsdotjar,solr,79351129,TP1,CP1,3,3,,3,1.0,3.0,3.0,3.0,0.015333333333333332,0.036,2208,378,0:Success;1:Success;2:Success,,,,,,,,,,,,
repairllama,bugsdotjar,solr,93ebd8d5,TP1,CP1,3,3,,3,1.0,4.0,4.0,4.0,0.018,0.044,2208,378,0:Success;1:Success;2:Success,,,,,,,,,,,,
repairllama,bugsdotjar,solr,a027a355,TP1,CP1,3,3,,3,1.0,3.0,3.0,3.0,0.015000000000000001,0.035,2208,378,0:Success;1:Success;2:Success,,,,,,,,,,,,
repairllama,bugsdotjar,solr,d01c4d6a,TP1,CP1,3,3,,3,1.0,4.0,4.0,4.0,0.037000000000000005,0.099,2208,378,0:Success;1:Success;2:Success,,,,,,,,,,,,
